,State,District,Grade,Overall,Categories - 1.Outcome (290),Categories - 2. ECT (90),Categories - 3. IF&SE (51),Categories - 4. SS&CP (35),"Categories - 5. DL
(50)","Categories - 6. GP
(84)"
0,Andaman & Nicobar Islands,South Andamans,Prachesta-1,328.0,128.0,70.0,32.0,24.0,25.0,48.0
1,Andaman & Nicobar Islands,Middle And North Andamans,Prachesta-1,319.0,134.0,70.0,31.0,26.0,17.0,41.0
2,Andaman & Nicobar Islands,Nicobars,Prachesta-2,,,,,,,
3,Andhra Pradesh,Guntur,Prachesta-1,344.0,123.0,63.0,43.0,25.0,24.0,65.0
4,Andhra Pradesh,Visakhapatnam,Prachesta-1,343.0,120.0,64.0,44.0,25.0,28.0,61.0
5,Andhra Pradesh,East Godavari,Prachesta-1,340.0,123.0,64.0,43.0,23.0,24.0,64.0
6,Andhra Pradesh,Anakapalli,Prachesta-1,340.0,123.0,63.0,44.0,24.0,21.0,65.0
7,Andhra Pradesh,Vizianagaram,Prachesta-1,,,,,,,
8,Andhra Pradesh,Palnadu,Prachesta-1,339.0,120.0,63.0,43.0,26.0,23.0,64.0
9,Andhra Pradesh,"Parvathipuram
Manyam",Prachesta-1,337.0,123.0,62.0,42.0,29.0,18.0,64.0
10,Andhra Pradesh,NTR,Prachesta-1,,,,,,,
11,Andhra Pradesh,Alluri Sitharama Raju,Prachesta-1,336.0,124.0,60.0,40.0,30.0,16.0,67.0
12,Andhra Pradesh,Kakinada,Prachesta-1,335.0,117.0,63.0,43.0,25.0,23.0,64.0
13,Andhra Pradesh,Bapatla,Prachesta-1,333.0,123.0,60.0,43.0,25.0,19.0,63.0
14,Andhra Pradesh,West Godavari,Prachesta-1,331.0,114.0,61.0,44.0,24.0,22.0,65.0
15,Andhra Pradesh,Krishna,Prachesta-1,330.0,111.0,63.0,44.0,25.0,22.0,66.0
16,Andhra Pradesh,Srikakulam,Prachesta-1,329.0,116.0,61.0,44.0,25.0,18.0,66.0
17,Andhra Pradesh,Tirupati,Prachesta-1,329.0,116.0,61.0,42.0,26.0,21.0,63.0
18,Andhra Pradesh,"Sri Potti Sriramulu
Nellore",Prachesta-1,327.0,113.0,61.0,43.0,25.0,20.0,64.0
19,Andhra Pradesh,Chittoor,Prachesta-1,326.0,115.0,62.0,42.0,24.0,19.0,64.0
20,Andhra Pradesh,YSR Kadapa,Prachesta-1,323.0,115.0,60.0,42.0,24.0,21.0,61.0
21,Andhra Pradesh,"Dr. B.R. Ambedkar
Konaseema",Prachesta-1,323.0,117.0,60.0,39.0,24.0,18.0,64.0
22,Andhra Pradesh,Prakasam,Prachesta-1,322.0,112.0,60.0,45.0,23.0,20.0,62.0
23,Andhra Pradesh,Annamayya,Prachesta-1,,,,,,,
24,Andhra Pradesh,Sri Sathyasai,Prachesta-1,319.0,107.0,62.0,43.0,24.0,20.0,64.0
25,Andhra Pradesh,Eluru,Prachesta-1,318.0,108.0,61.0,43.0,22.0,20.0,63.0
26,Andhra Pradesh,Ananthapuramu,Prachesta-1,317.0,105.0,63.0,43.0,23.0,22.0,62.0
27,Andhra Pradesh,Nandyal,Prachesta-1,309.0,103.0,60.0,40.0,23.0,21.0,62.0
28,Andhra Pradesh,Kurnool,Prachesta-1,303.0,99.0,61.0,40.0,22.0,21.0,61.0
29,Arunachal Pradesh,Lower Subansiri,Prachesta-2,250.0,106.0,41.0,33.0,15.0,14.0,41.0
30,Arunachal Pradesh,East Siang,Prachesta-3,,,,,,,
31,Arunachal Pradesh,Itanagar Capital Complex,Prachesta-3,,,,,,,
32,Arunachal Pradesh,Upper Siang,Prachesta-3,214.0,108.0,28.0,24.0,5.0,7.0,41.0
33,Arunachal Pradesh,"Lower Dibang
Valley",Prachesta-3,,,,,,,
34,Arunachal Pradesh,Anjaw,Prachesta-3,210.0,103.0,27.0,26.0,4.0,4.0,47.0
35,Arunachal Pradesh,Lepa Rada,Prachesta-3,209.0,93.0,29.0,22.0,5.0,13.0,47.0
36,Arunachal Pradesh,Lohit,Prachesta-3,205.0,93.0,41.0,28.0,5.0,9.0,29.0
37,Arunachal Pradesh,Tirap,Prachesta-3,203.0,89.0,32.0,27.0,6.0,10.0,40.0
38,Arunachal Pradesh,West Kameng,Prachesta-3,203.0,90.0,33.0,19.0,8.0,14.0,38.0
39,Arunachal Pradesh,Namsai,Prachesta-3,,,,,,,
40,Arunachal Pradesh,Tawang,Prachesta-3,196.0,99.0,39.0,21.0,6.0,13.0,17.0
41,Arunachal Pradesh,Lower Siang,Prachesta-3,195.0,82.0,33.0,26.0,8.0,6.0,41.0
42,Arunachal Pradesh,East Kameng,Prachesta-3,192.0,81.0,34.0,28.0,6.0,9.0,34.0
43,Arunachal Pradesh,Dibang Valley,Prachesta-3,190.0,97.0,33.0,31.0,7.0,6.0,15.0
44,Arunachal Pradesh,Changlang,Prachesta-3,190.0,80.0,35.0,28.0,6.0,7.0,33.0
45,Arunachal Pradesh,Papum Pare,Prachesta-3,187.0,103.0,19.0,25.0,1.0,8.0,31.0
46,Arunachal Pradesh,Shi Yomi,Prachesta-3,185.0,84.0,21.0,21.0,7.0,4.0,48.0
47,Arunachal Pradesh,Kra Daadi,Prachesta-3,181.0,88.0,31.0,23.0,4.0,3.0,31.0
48,Arunachal Pradesh,Kurung Kumey,Akanshi-1,179.0,74.0,30.0,24.0,11.0,7.0,35.0
49,Arunachal Pradesh,West Siang,Akanshi-1,,,,,,,
50,Arunachal Pradesh,Siang,Akanshi-1,166.0,87.0,23.0,19.0,10.0,9.0,19.0
51,Arunachal Pradesh,Pakke Kessang,Akanshi-1,164.0,91.0,27.0,18.0,4.0,7.0,18.0
52,Arunachal Pradesh,Kamle,Akanshi-1,162.0,98.0,25.0,14.0,3.0,5.0,17.0
53,Arunachal Pradesh,Upper Subansiri,Akanshi-1,161.0,73.0,25.0,27.0,6.0,3.0,27.0
54,Arunachal Pradesh,Longding,Akanshi-1,,,,,,,
55,Assam,Sivasagar,Prachesta-1,331.0,146.0,64.0,36.0,16.0,8.0,60.0
56,Assam,Kamrup-Metro,Prachesta-1,329.0,153.0,58.0,36.0,14.0,12.0,56.0
57,Assam,Kamrup,Prachesta-1,310.0,128.0,63.0,36.0,18.0,3.0,62.0
58,Assam,Charaideo,Prachesta-1,310.0,131.0,62.0,39.0,17.0,7.0,55.0
59,Assam,Dhemaji,Prachesta-1,309.0,133.0,58.0,37.0,17.0,4.0,59.0
60,Assam,Goalpara,Prachesta-1,305.0,117.0,59.0,40.0,19.0,4.0,67.0
61,Assam,Jorhat,Prachesta-1,305.0,143.0,61.0,37.0,16.0,6.0,42.0
62,Assam,Bajali,Prachesta-2,299.0,122.0,60.0,35.0,15.0,4.0,63.0
63,Assam,Hojai,Prachesta-2,,,,,,,
64,Assam,Baksa,Prachesta-2,296.0,126.0,56.0,33.0,13.0,4.0,65.0
65,Assam,Nalbari,Prachesta-2,,,,,,,
66,Assam,Majuli,Prachesta-2,,,,,,,
67,Assam,Biswanath,Prachesta-2,,,,,,,
68,Assam,Sonitpur,Prachesta-2,287.0,111.0,56.0,37.0,15.0,5.0,63.0
69,Assam,Barpeta,Prachesta-2,284.0,125.0,52.0,37.0,10.0,4.0,56.0
70,Assam,Dima Hasao,Prachesta-2,281.0,124.0,55.0,35.0,14.0,3.0,51.0
71,Assam,Kokrajhar,Prachesta-2,279.0,117.0,54.0,32.0,11.0,3.0,62.0
72,Assam,Udalguri,Prachesta-2,,,,,,,
73,Assam,Tinsukia,Prachesta-2,278.0,107.0,61.0,36.0,17.0,8.0,49.0
74,Assam,Dibrugarh,Prachesta-2,277.0,113.0,54.0,37.0,16.0,6.0,52.0
75,Assam,Darrang,Prachesta-2,273.0,105.0,55.0,37.0,15.0,4.0,58.0
76,Assam,Golaghat,Prachesta-2,,,,,,,
77,Assam,Tamulpur,Prachesta-2,,,,,,,
78,Assam,Nagaon,Prachesta-2,,,,,,,
79,Assam,Morigaon,Prachesta-2,271.0,117.0,51.0,37.0,12.0,3.0,50.0
80,Assam,Bongaigaon,Prachesta-2,269.0,121.0,54.0,34.0,12.0,3.0,45.0
81,Assam,Lakhimpur,Prachesta-2,,,,,,,
82,Assam,Cachar,Prachesta-2,261.0,113.0,51.0,36.0,14.0,5.0,42.0
83,Assam,Dhubri,Prachesta-2,255.0,113.0,50.0,34.0,10.0,3.0,44.0
84,Assam,Hailakandi,Prachesta-2,,,,,,,
85,Assam,West Karbi Anglong,Prachesta-2,249.0,92.0,49.0,36.0,11.0,3.0,58.0
86,Assam,South Salmara- Mankachar,Prachesta-2,,,,,,,
87,Assam,Karbi Anglong,Prachesta-2,247.0,93.0,52.0,35.0,11.0,5.0,51.0
88,Assam,Chirang,Prachesta-3,239.0,95.0,53.0,33.0,11.0,4.0,44.0
89,Assam,Sribhumi,Prachesta-3,235.0,99.0,47.0,33.0,13.0,3.0,41.0
90,Bihar,Siwan,Prachesta-3,236.0,116.0,46.0,22.0,13.0,5.0,33.0
91,Bihar,Nalanda,Prachesta-3,226.0,120.0,37.0,20.0,14.0,6.0,28.0
92,Bihar,Patna,Prachesta-3,226.0,128.0,35.0,19.0,12.0,9.0,22.0
93,Bihar,Jehanabad,Prachesta-3,220.0,113.0,34.0,23.0,11.0,6.0,34.0
94,Bihar,Sheikhpura,Prachesta-3,218.0,94.0,44.0,29.0,16.0,7.0,28.0
95,Bihar,Kaimur (Bhabua),Prachesta-3,216.0,115.0,39.0,20.0,10.0,4.0,27.0
96,Bihar,Arwal,Prachesta-3,213.0,117.0,36.0,18.0,10.0,4.0,28.0
97,Bihar,Jamui,Prachesta-3,,,,,,,
98,Bihar,Begusarai,Prachesta-3,211.0,106.0,36.0,25.0,9.0,6.0,30.0
99,Bihar,Munger,Prachesta-3,210.0,108.0,38.0,18.0,12.0,6.0,28.0
100,Bihar,Bhojpur,Prachesta-3,209.0,120.0,32.0,16.0,11.0,6.0,24.0
101,Bihar,Darbhanga,Prachesta-3,,,,,,,
102,Bihar,Madhubani,Prachesta-3,205.0,107.0,35.0,23.0,11.0,3.0,26.0
103,Bihar,Rohtas,Prachesta-3,204.0,103.0,31.0,26.0,11.0,3.0,31.0
104,Bihar,Vaishali,Prachesta-3,203.0,102.0,36.0,20.0,13.0,5.0,27.0
105,Bihar,Muzaffarpur,Prachesta-3,200.0,110.0,29.0,20.0,11.0,5.0,25.0
106,Bihar,Bhagalpur,Prachesta-3,199.0,95.0,36.0,20.0,11.0,6.0,31.0
107,Bihar,Buxar,Prachesta-3,198.0,104.0,38.0,21.0,14.0,5.0,17.0
108,Bihar,Saran,Prachesta-3,198.0,112.0,31.0,18.0,8.0,4.0,25.0
109,Bihar,Lakhisarai,Prachesta-3,,,,,,,
110,Bihar,Supaul,Prachesta-3,195.0,104.0,32.0,18.0,11.0,2.0,28.0
111,Bihar,Gaya,Prachesta-3,195.0,95.0,33.0,21.0,11.0,6.0,29.0
112,Bihar,Samastipur,Prachesta-3,195.0,108.0,30.0,16.0,10.0,3.0,27.0
113,Bihar,Nawada,Prachesta-3,194.0,96.0,33.0,20.0,10.0,5.0,30.0
114,Bihar,Banka,Prachesta-3,194.0,88.0,42.0,24.0,14.0,3.0,24.0
115,Bihar,Pashchim Champaran,Prachesta-3,194.0,93.0,37.0,24.0,10.0,5.0,24.0
116,Bihar,Khagaria,Prachesta-3,193.0,97.0,34.0,14.0,11.0,3.0,33.0
117,Bihar,Sheohar,Prachesta-3,193.0,92.0,40.0,25.0,8.0,5.0,21.0
118,Bihar,Purba Champaran,Prachesta-3,,,,,,,
119,Bihar,Sitamarhi,Prachesta-3,189.0,103.0,31.0,18.0,9.0,4.0,25.0
120,Bihar,Gopalganj,Prachesta-3,,,,,,,
121,Bihar,Saharsa,Prachesta-3,183.0,87.0,32.0,18.0,11.0,3.0,32.0
122,Bihar,Katihar,Prachesta-3,183.0,98.0,34.0,18.0,10.0,5.0,17.0
123,Bihar,Madhepura,Akanshi-1,179.0,93.0,29.0,15.0,9.0,3.0,31.0
124,Bihar,Purnia,Akanshi-1,178.0,81.0,33.0,23.0,11.0,4.0,26.0
125,Bihar,Kishanganj,Akanshi-1,170.0,86.0,30.0,18.0,11.0,2.0,25.0
126,Bihar,Aurangabad (Bihar),Akanshi-1,170.0,96.0,23.0,13.0,7.0,2.0,28.0
127,Bihar,Araria,Akanshi-1,163.0,74.0,34.0,16.0,9.0,4.0,26.0
128,Chandigarh,Chandigarh,Uttam-3,411.0,164.0,77.0,38.0,22.0,37.0,73.0
129,Chhattisgarh,Durg,Prachesta-1,301.0,116.0,54.0,39.0,20.0,15.0,57.0
130,Chhattisgarh,Mahasamund,Prachesta-2,290.0,118.0,57.0,40.0,25.0,15.0,36.0
131,Chhattisgarh,Balod,Prachesta-2,289.0,107.0,56.0,42.0,22.0,11.0,51.0
132,Chhattisgarh,Surajpur,Prachesta-2,286.0,113.0,53.0,38.0,20.0,9.0,53.0
133,Chhattisgarh,Dhamtari,Prachesta-2,286.0,94.0,57.0,41.0,26.0,14.0,55.0
134,Chhattisgarh,Janjgir - Champa,Prachesta-2,281.0,81.0,57.0,38.0,26.0,15.0,64.0
135,Chhattisgarh,"Gaurela-Pendra-
Marwahi",Prachesta-2,278.0,93.0,56.0,38.0,24.0,13.0,55.0
136,Chhattisgarh,Raigarh,Prachesta-2,278.0,110.0,49.0,38.0,20.0,10.0,51.0
137,Chhattisgarh,"Mohla-Manpur-
Ambagarh Chowki",Prachesta-2,,,,,,,
138,Chhattisgarh,Raipur,Prachesta-2,277.0,102.0,64.0,36.0,19.0,20.0,38.0
139,Chhattisgarh,North Bastar Kanker,Prachesta-2,277.0,98.0,52.0,38.0,24.0,8.0,56.0
140,Chhattisgarh,Rajnandgaon,Prachesta-2,277.0,95.0,54.0,36.0,22.0,15.0,55.0
141,Chhattisgarh,Bilaspur,Prachesta-2,273.0,102.0,55.0,36.0,17.0,14.0,48.0
142,Chhattisgarh,Gariaband,Prachesta-2,270.0,95.0,52.0,39.0,20.0,12.0,52.0
143,Chhattisgarh,Korba,Prachesta-2,266.0,104.0,50.0,37.0,16.0,9.0,50.0
144,Chhattisgarh,Surguja,Prachesta-2,263.0,97.0,49.0,37.0,17.0,9.0,54.0
145,Chhattisgarh,Dantewada,Prachesta-2,260.0,86.0,51.0,42.0,20.0,12.0,50.0
146,Chhattisgarh,"Khairagarh- Chhuikhadan-
Gandai",Prachesta-2,257.0,91.0,54.0,35.0,24.0,10.0,43.0
147,Chhattisgarh,Mungeli,Prachesta-2,257.0,81.0,53.0,39.0,23.0,10.0,51.0
148,Chhattisgarh,Jashpur,Prachesta-2,,,,,,,
149,Chhattisgarh,Kondagaon,Prachesta-2,256.0,79.0,50.0,42.0,19.0,10.0,57.0
150,Chhattisgarh,Manendragarh- Chirmiri-Bharatpur,Prachesta-2,256.0,89.0,49.0,38.0,22.0,12.0,47.0
151,Chhattisgarh,Sakti,Prachesta-2,256.0,74.0,54.0,32.0,27.0,13.0,56.0
152,Chhattisgarh,"Balodabazar-
Bhatapara",Prachesta-2,252.0,84.0,52.0,35.0,17.0,10.0,54.0
153,Chhattisgarh,Baster,Prachesta-2,249.0,80.0,50.0,37.0,20.0,8.0,54.0
154,Chhattisgarh,"Balrampur-
Ramanujganj",Prachesta-2,249.0,94.0,52.0,38.0,22.0,9.0,34.0
155,Chhattisgarh,Kabirdham,Prachesta-2,,,,,,,
156,Chhattisgarh,Bijapur,Prachesta-2,246.0,71.0,54.0,43.0,27.0,12.0,39.0
157,Chhattisgarh,Korea,Prachesta-2,244.0,74.0,53.0,37.0,21.0,8.0,50.0
158,Chhattisgarh,Bemetara,Prachesta-2,241.0,77.0,51.0,37.0,19.0,11.0,46.0
159,Chhattisgarh,"Sarangarh-
Bilaigarh",Prachesta-3,238.0,88.0,47.0,35.0,20.0,8.0,40.0
160,Chhattisgarh,Narayanpur,Prachesta-3,216.0,66.0,48.0,34.0,14.0,4.0,49.0
161,Chhattisgarh,Sukma,Prachesta-3,213.0,64.0,41.0,42.0,18.0,3.0,44.0
162,Dadra & Nagar Haveli and Daman & Diu,Diu (Dist),Prachesta-1,328.0,106.0,76.0,32.0,24.0,36.0,55.0
163,Dadra & Nagar Haveli and Daman & Diu,Dadra And Nagar Haveli (Dist),Prachesta-1,322.0,105.0,59.0,38.0,24.0,32.0,63.0
164,Dadra & Nagar Haveli and Daman & Diu,Daman (Dist),Prachesta-2,299.0,110.0,58.0,33.0,18.0,32.0,48.0
165,Delhi,South West A,Uttam-3,365.0,128.0,72.0,39.0,26.0,33.0,66.0
166,Delhi,New Delhi,Uttam-3,363.0,131.0,75.0,36.0,27.0,33.0,61.0
167,Delhi,North West B,Prachesta-1,360.0,125.0,72.0,40.0,27.0,30.0,65.0
168,Delhi,South,Prachesta-1,,,,,,,
169,Delhi,South West B,Prachesta-1,352.0,120.0,69.0,40.0,24.0,32.0,67.0
170,Delhi,East,Prachesta-1,344.0,122.0,67.0,38.0,24.0,30.0,63.0
171,Delhi,North West A,Prachesta-1,343.0,114.0,70.0,41.0,26.0,29.0,63.0
172,Delhi,West B,Prachesta-1,338.0,116.0,66.0,39.0,23.0,30.0,64.0
173,Delhi,West A,Prachesta-1,336.0,109.0,69.0,39.0,27.0,30.0,62.0
174,Delhi,South East,Prachesta-1,,,,,,,
175,Delhi,North,Prachesta-1,331.0,118.0,65.0,37.0,25.0,27.0,59.0
176,Delhi,Central,Prachesta-1,327.0,116.0,64.0,36.0,24.0,27.0,60.0
177,Delhi,North East,Prachesta-1,307.0,93.0,62.0,38.0,23.0,27.0,63.0
178,Goa,South Goa,Prachesta-1,311.0,132.0,59.0,37.0,14.0,26.0,43.0
179,Goa,North Goa,Prachesta-2,300.0,117.0,62.0,35.0,14.0,28.0,44.0
180,Gujarat,Narmada,Uttam-3,361.0,141.0,60.0,37.0,26.0,25.0,71.0
181,Gujarat,Mahesana,Prachesta-1,,,,,,,
182,Gujarat,Chhotaudepur,Prachesta-1,343.0,137.0,53.0,37.0,21.0,27.0,68.0
183,Gujarat,Vadodara,Prachesta-1,343.0,128.0,59.0,37.0,19.0,30.0,71.0
184,Gujarat,Junagadh,Prachesta-1,338.0,125.0,58.0,36.0,20.0,27.0,72.0
185,Gujarat,Sabar Kantha,Prachesta-1,337.0,118.0,59.0,38.0,21.0,29.0,72.0
186,Gujarat,Surat,Prachesta-1,337.0,126.0,58.0,33.0,20.0,31.0,69.0
187,Gujarat,Aravalli,Prachesta-1,335.0,123.0,58.0,37.0,22.0,27.0,69.0
188,Gujarat,Gandhinagar,Prachesta-1,335.0,127.0,56.0,37.0,19.0,31.0,66.0
189,Gujarat,Mahisagar,Prachesta-1,333.0,123.0,55.0,35.0,22.0,26.0,71.0
190,Gujarat,Panch Mahals,Prachesta-1,331.0,123.0,56.0,35.0,22.0,28.0,67.0
191,Gujarat,Navsari,Prachesta-1,331.0,115.0,59.0,37.0,20.0,30.0,70.0
192,Gujarat,Anand,Prachesta-1,,,,,,,
193,Gujarat,Valsad,Prachesta-1,,,,,,,
194,Gujarat,Bharuch,Prachesta-1,327.0,117.0,56.0,37.0,20.0,28.0,69.0
195,Gujarat,Ahmedabad,Prachesta-1,327.0,126.0,55.0,35.0,17.0,28.0,66.0
196,Gujarat,Botad,Prachesta-1,,,,,,,
197,Gujarat,Bhavnagar,Prachesta-1,325.0,108.0,59.0,36.0,20.0,32.0,71.0
198,Gujarat,Kheda,Prachesta-1,325.0,106.0,58.0,38.0,19.0,32.0,72.0
199,Gujarat,Rajkot,Prachesta-1,,,,,,,
200,Gujarat,Gir Somnath,Prachesta-1,325.0,108.0,61.0,35.0,21.0,27.0,73.0
201,Gujarat,Patan,Prachesta-1,320.0,97.0,60.0,39.0,22.0,30.0,72.0
202,Gujarat,Tapi,Prachesta-1,319.0,107.0,57.0,37.0,24.0,25.0,70.0
203,Gujarat,Amreli,Prachesta-1,319.0,97.0,61.0,37.0,21.0,32.0,70.0
204,Gujarat,Surendranagar,Prachesta-1,,,,,,,
205,Gujarat,Morbi,Prachesta-1,318.0,105.0,61.0,34.0,18.0,30.0,71.0
206,Gujarat,Banas Kantha,Prachesta-1,318.0,104.0,56.0,36.0,21.0,30.0,70.0
207,Gujarat,Porbandar,Prachesta-1,316.0,102.0,58.0,34.0,20.0,28.0,73.0
208,Gujarat,Dang,Prachesta-1,,,,,,,
209,Gujarat,Devbhumi Dwarka,Prachesta-1,,,,,,,
210,Gujarat,Jamnagar,Prachesta-1,,,,,,,
211,Gujarat,Dohad,Prachesta-1,,,,,,,
212,Gujarat,Kachchh,Prachesta-1,,,,,,,
213,Haryana,Gurugram,Prachesta-1,,,,,,,
214,Haryana,Rewari,Prachesta-1,338.0,151.0,57.0,26.0,17.0,16.0,70.0
215,Haryana,Rohtak,Prachesta-1,334.0,135.0,59.0,29.0,17.0,23.0,71.0
216,Haryana,Jhajjar,Prachesta-1,331.0,147.0,55.0,29.0,14.0,21.0,64.0
217,Haryana,Mahendragarh,Prachesta-1,327.0,156.0,54.0,24.0,15.0,15.0,63.0
218,Haryana,Faridabad,Prachesta-1,326.0,130.0,60.0,27.0,14.0,26.0,69.0
219,Haryana,Panchkula,Prachesta-1,326.0,135.0,55.0,32.0,18.0,18.0,70.0
220,Haryana,Bhiwani,Prachesta-1,,,,,,,
221,Haryana,Sonipat,Prachesta-1,322.0,139.0,57.0,28.0,16.0,20.0,63.0
222,Haryana,Kurukshetra,Prachesta-1,318.0,130.0,62.0,27.0,16.0,16.0,68.0
223,Haryana,Charkhi Dadri,Prachesta-1,316.0,127.0,63.0,25.0,18.0,17.0,66.0
224,Haryana,Panipat,Prachesta-1,316.0,129.0,57.0,29.0,14.0,21.0,66.0
225,Haryana,Jind,Prachesta-1,315.0,126.0,61.0,27.0,16.0,18.0,67.0
226,Haryana,Yamunanagar,Prachesta-1,313.0,134.0,58.0,27.0,16.0,13.0,65.0
227,Haryana,Karnal,Prachesta-1,,,,,,,
228,Haryana,Hisar,Prachesta-1,310.0,129.0,57.0,26.0,15.0,20.0,63.0
229,Haryana,Kaithal,Prachesta-1,308.0,117.0,57.0,28.0,17.0,19.0,68.0
230,Haryana,Fatehabad,Prachesta-2,300.0,119.0,59.0,27.0,14.0,18.0,63.0
231,Haryana,Ambala,Prachesta-2,290.0,119.0,58.0,26.0,14.0,17.0,56.0
232,Haryana,Sirsa,Prachesta-2,284.0,111.0,61.0,24.0,15.0,18.0,55.0
233,Haryana,Palwal,Prachesta-2,276.0,113.0,54.0,21.0,14.0,15.0,59.0
234,Haryana,Nuh,Prachesta-2,,,,,,,
235,Himachal Pradesh,Kangra,Prachesta-1,303.0,133.0,55.0,38.0,16.0,13.0,49.0
236,Himachal Pradesh,Hamirpur (H.P.),Prachesta-2,299.0,122.0,61.0,38.0,17.0,15.0,47.0
237,Himachal Pradesh,Solan,Prachesta-2,297.0,127.0,55.0,36.0,16.0,14.0,49.0
238,Himachal Pradesh,Bilaspur (H.P.),Prachesta-2,291.0,122.0,57.0,37.0,15.0,12.0,49.0
239,Himachal Pradesh,Shimla,Prachesta-2,,,,,,,
240,Himachal Pradesh,Una,Prachesta-2,290.0,116.0,59.0,34.0,17.0,15.0,48.0
241,Himachal Pradesh,Mandi,Prachesta-2,284.0,121.0,54.0,35.0,14.0,11.0,49.0
242,Himachal Pradesh,Kinnaur,Prachesta-2,269.0,105.0,58.0,33.0,16.0,19.0,39.0
243,Himachal Pradesh,Kullu,Prachesta-2,268.0,110.0,56.0,29.0,14.0,12.0,47.0
244,Himachal Pradesh,Sirmaur,Prachesta-2,,,,,,,
245,Himachal Pradesh,Chamba,Prachesta-2,252.0,104.0,53.0,32.0,13.0,10.0,40.0
246,Himachal Pradesh,Lahul & Spiti,Prachesta-2,242.0,108.0,50.0,32.0,14.0,12.0,26.0
247,Jammu & Kashmir,Srinagar,Prachesta-1,329.0,164.0,62.0,24.0,11.0,16.0,52.0
248,Jammu & Kashmir,Anantnag,Prachesta-1,326.0,160.0,63.0,26.0,12.0,10.0,55.0
249,Jammu & Kashmir,Pulwama,Prachesta-1,321.0,151.0,65.0,25.0,12.0,9.0,59.0
250,Jammu & Kashmir,Jammu,Prachesta-1,,,,,,,
251,Jammu & Kashmir,Shopian,Prachesta-1,308.0,141.0,65.0,23.0,12.0,14.0,54.0
252,Jammu & Kashmir,Badgam,Prachesta-2,298.0,135.0,61.0,28.0,9.0,10.0,55.0
253,Jammu & Kashmir,Samba,Prachesta-2,292.0,129.0,59.0,31.0,12.0,13.0,50.0
254,Jammu & Kashmir,Bandipora,Prachesta-2,,,,,,,
255,Jammu & Kashmir,Kulgam,Prachesta-2,280.0,122.0,61.0,27.0,8.0,10.0,52.0
256,Jammu & Kashmir,Baramulla,Prachesta-2,279.0,127.0,60.0,24.0,9.0,9.0,50.0
257,Jammu & Kashmir,Ganderbal,Prachesta-2,274.0,123.0,59.0,26.0,10.0,10.0,47.0
258,Jammu & Kashmir,Kathua,Prachesta-2,273.0,122.0,53.0,29.0,7.0,8.0,54.0
259,Jammu & Kashmir,Kupwara,Prachesta-2,,,,,,,
260,Jammu & Kashmir,Punch,Prachesta-2,253.0,110.0,54.0,25.0,8.0,7.0,51.0
261,Jammu & Kashmir,Udhampur,Prachesta-2,250.0,122.0,50.0,25.0,6.0,7.0,40.0
262,Jammu & Kashmir,Kishtwar,Prachesta-2,241.0,109.0,58.0,17.0,3.0,5.0,50.0
263,Jammu & Kashmir,Doda,Prachesta-3,236.0,104.0,49.0,21.0,6.0,6.0,50.0
264,Jammu & Kashmir,Rajouri,Prachesta-3,229.0,92.0,50.0,26.0,7.0,6.0,47.0
265,Jammu & Kashmir,Ramban,Prachesta-3,,,,,,,
266,Jammu & Kashmir,Reasi,Prachesta-3,212.0,86.0,52.0,22.0,6.0,6.0,40.0
267,Jharkhand,Purbi Singhbhum,Prachesta-2,287.0,123.0,56.0,33.0,9.0,12.0,53.0
268,Jharkhand,Bokaro,Prachesta-2,276.0,123.0,52.0,34.0,9.0,10.0,48.0
269,Jharkhand,Ramgarh,Prachesta-2,269.0,104.0,55.0,32.0,12.0,12.0,54.0
270,Jharkhand,Ranchi,Prachesta-2,264.0,113.0,48.0,32.0,8.0,11.0,52.0
271,Jharkhand,Deoghar,Prachesta-2,260.0,109.0,55.0,30.0,11.0,7.0,47.0
272,Jharkhand,Giridih,Prachesta-2,258.0,111.0,50.0,29.0,15.0,5.0,47.0
273,Jharkhand,Saraikela- Kharsawan,Prachesta-2,253.0,106.0,50.0,32.0,12.0,7.0,45.0
274,Jharkhand,Dhanbad,Prachesta-2,250.0,109.0,48.0,32.0,6.0,9.0,47.0
275,Jharkhand,Hazaribag,Prachesta-2,,,,,,,
276,Jharkhand,Kodarma,Prachesta-2,246.0,103.0,51.0,33.0,10.0,8.0,41.0
277,Jharkhand,Lohardaga,Prachesta-2,242.0,96.0,57.0,32.0,10.0,9.0,38.0
278,Jharkhand,Simdega,Prachesta-3,235.0,94.0,54.0,28.0,9.0,7.0,43.0
279,Jharkhand,Pakur,Prachesta-3,233.0,95.0,49.0,33.0,9.0,7.0,40.0
280,Jharkhand,Pashchimi Singhbhum,Prachesta-3,231.0,85.0,53.0,32.0,9.0,7.0,46.0
281,Jharkhand,Khunti,Prachesta-3,,,,,,,
282,Jharkhand,Palamu,Prachesta-3,226.0,91.0,46.0,29.0,11.0,6.0,44.0
283,Jharkhand,Chatra,Prachesta-3,224.0,88.0,49.0,32.0,10.0,6.0,40.0
284,Jharkhand,Garhwa,Prachesta-3,223.0,103.0,38.0,34.0,6.0,5.0,36.0
285,Jharkhand,Godda,Prachesta-3,218.0,92.0,42.0,30.0,7.0,5.0,41.0
286,Jharkhand,Dumka,Prachesta-3,216.0,93.0,44.0,30.0,6.0,4.0,40.0
287,Jharkhand,Jamtara,Prachesta-3,216.0,82.0,49.0,31.0,9.0,6.0,40.0
288,Jharkhand,Latehar,Prachesta-3,207.0,83.0,49.0,29.0,9.0,7.0,30.0
289,Jharkhand,Gumla,Prachesta-3,205.0,77.0,45.0,31.0,7.0,5.0,41.0
290,Jharkhand,Sahibganj,Prachesta-3,,,,,,,
291,Karnataka,Dakshina Kannada,Prachesta-1,330.0,134.0,53.0,33.0,17.0,23.0,70.0
292,Karnataka,Udupi,Prachesta-1,321.0,123.0,55.0,38.0,18.0,21.0,66.0
293,Karnataka,Hassan,Prachesta-1,312.0,142.0,47.0,33.0,17.0,10.0,62.0
294,Karnataka,Belagavi Chikkodi,Prachesta-1,300.0,152.0,47.0,31.0,15.0,13.0,41.0
295,Karnataka,Kodagu,Prachesta-2,296.0,123.0,52.0,34.0,18.0,17.0,51.0
296,Karnataka,"Bengaluru Urban
South",Prachesta-2,292.0,128.0,50.0,30.0,15.0,26.0,42.0
297,Karnataka,Bengaluru Urban North,Prachesta-2,287.0,124.0,50.0,29.0,15.0,24.0,45.0
298,Karnataka,Uttara Kannada,Prachesta-2,287.0,137.0,43.0,32.0,14.0,11.0,50.0
299,Karnataka,Mandya,Prachesta-2,,,,,,,
300,Karnataka,Bengaluru Rural,Prachesta-2,,,,,,,
301,Karnataka,Mysuru,Prachesta-2,283.0,110.0,50.0,33.0,18.0,20.0,51.0
302,Karnataka,Tumakuru,Prachesta-2,280.0,136.0,41.0,34.0,15.0,11.0,43.0
303,Karnataka,Bagalkote,Prachesta-2,277.0,133.0,46.0,31.0,14.0,15.0,39.0
304,Karnataka,Koppal,Prachesta-2,277.0,143.0,44.0,31.0,12.0,11.0,36.0
305,Karnataka,Uttara Kannada Sirsi,Prachesta-2,276.0,138.0,44.0,32.0,13.0,9.0,40.0
306,Karnataka,Gadag,Prachesta-2,275.0,112.0,49.0,33.0,16.0,18.0,47.0
307,Karnataka,Chikkamangaluru,Prachesta-2,274.0,126.0,46.0,33.0,15.0,12.0,43.0
308,Karnataka,Chitradurga,Prachesta-2,273.0,128.0,44.0,34.0,14.0,13.0,40.0
309,Karnataka,Ballari,Prachesta-2,,,,,,,
310,Karnataka,Dharwad,Prachesta-2,271.0,124.0,48.0,30.0,13.0,15.0,41.0
311,Karnataka,Ramanagara,Prachesta-2,268.0,112.0,45.0,34.0,17.0,13.0,47.0
312,Karnataka,Davanagere,Prachesta-2,265.0,116.0,48.0,33.0,14.0,12.0,42.0
313,Karnataka,Shivamogga,Prachesta-2,263.0,108.0,47.0,33.0,17.0,14.0,44.0
314,Karnataka,"Tumakuru
Madhugiri",Prachesta-2,,,,,,,
315,Karnataka,Raichur,Prachesta-2,259.0,124.0,44.0,31.0,12.0,10.0,38.0
316,Karnataka,Chamarajanagar,Prachesta-2,258.0,117.0,43.0,33.0,11.0,13.0,42.0
317,Karnataka,Kolar,Prachesta-2,257.0,116.0,42.0,31.0,14.0,10.0,45.0
318,Karnataka,Vijayanagara,Prachesta-2,255.0,122.0,42.0,31.0,12.0,10.0,37.0
319,Karnataka,Haveri,Prachesta-2,247.0,107.0,44.0,32.0,13.0,12.0,39.0
320,Karnataka,Belagavi,Prachesta-2,247.0,105.0,46.0,32.0,14.0,12.0,39.0
321,Karnataka,Vijayapura,Prachesta-2,246.0,113.0,43.0,27.0,12.0,11.0,40.0
322,Karnataka,Chikkaballapura,Prachesta-2,244.0,108.0,41.0,32.0,12.0,9.0,41.0
323,Karnataka,Yadgiri,Prachesta-3,239.0,106.0,42.0,30.0,16.0,9.0,37.0
324,Karnataka,Bidar,Prachesta-3,,,,,,,
325,Karnataka,Kalaburagi,Prachesta-3,231.0,106.0,39.0,29.0,10.0,10.0,37.0
326,Kerala,Kollam,Uttam-3,403.0,153.0,70.0,44.0,27.0,36.0,73.0
327,Kerala,Ernakulam,Uttam-3,401.0,167.0,65.0,42.0,20.0,36.0,70.0
328,Kerala,Thiruvananthapuram,Uttam-3,,,,,,,
329,Kerala,Thrissur,Uttam-3,391.0,146.0,67.0,43.0,22.0,39.0,74.0
330,Kerala,Kottayam,Uttam-3,385.0,148.0,66.0,42.0,23.0,36.0,71.0
331,Kerala,Malappuram,Uttam-3,,,,,,,
332,Kerala,Kannur,Uttam-3,372.0,136.0,66.0,42.0,22.0,36.0,71.0
333,Kerala,Alappuzha,Uttam-3,372.0,141.0,67.0,42.0,22.0,34.0,66.0
334,Kerala,Idukki,Uttam-3,369.0,133.0,67.0,41.0,25.0,35.0,69.0
335,Kerala,Pathanamthitta,Uttam-3,360.0,130.0,65.0,42.0,20.0,31.0,72.0
336,Kerala,Kozhikode,Prachesta-1,,,,,,,
337,Kerala,Kasaragod,Prachesta-1,356.0,118.0,66.0,42.0,20.0,36.0,73.0
338,Kerala,Palakkad,Prachesta-1,,,,,,,
339,Kerala,Wayanad,Prachesta-1,350.0,110.0,67.0,43.0,23.0,36.0,70.0
340,Ladakh,Leh (Ladakh),Prachesta-2,287.0,128.0,58.0,28.0,10.0,15.0,48.0
341,Ladakh,Kargil,Prachesta-2,244.0,114.0,47.0,25.0,6.0,9.0,42.0
342,Lakshadweep,Lakshadweep,Prachesta-1,309.0,114.0,66.0,35.0,19.0,32.0,43.0
343,Madhya Pradesh,Damoh,Prachesta-1,303.0,168.0,44.0,28.0,13.0,7.0,42.0
344,Madhya Pradesh,Bhind,Prachesta-1,302.0,166.0,43.0,26.0,12.0,9.0,47.0
345,Madhya Pradesh,Raisen,Prachesta-1,302.0,156.0,44.0,28.0,11.0,9.0,52.0
346,Madhya Pradesh,Narsimhapur,Prachesta-2,300.0,148.0,45.0,30.0,12.0,10.0,55.0
347,Madhya Pradesh,Panna,Prachesta-2,293.0,165.0,38.0,31.0,11.0,6.0,43.0
348,Madhya Pradesh,Sagar,Prachesta-2,289.0,143.0,47.0,29.0,13.0,10.0,47.0
349,Madhya Pradesh,Bhopal,Prachesta-2,286.0,135.0,45.0,26.0,10.0,17.0,53.0
350,Madhya Pradesh,Chhatarpur,Prachesta-2,,,,,,,
351,Madhya Pradesh,Sidhi,Prachesta-2,281.0,153.0,38.0,25.0,10.0,7.0,47.0
352,Madhya Pradesh,Chhindwara,Prachesta-2,280.0,124.0,47.0,30.0,13.0,10.0,56.0
353,Madhya Pradesh,Indore,Prachesta-2,278.0,123.0,43.0,29.0,10.0,18.0,54.0
354,Madhya Pradesh,Shahdol,Prachesta-2,277.0,133.0,45.0,32.0,12.0,7.0,49.0
355,Madhya Pradesh,Betul,Prachesta-2,276.0,117.0,48.0,32.0,16.0,10.0,54.0
356,Madhya Pradesh,Gwalior,Prachesta-2,,,,,,,
357,Madhya Pradesh,Vidisha,Prachesta-2,273.0,122.0,46.0,29.0,15.0,11.0,51.0
358,Madhya Pradesh,Sehore,Prachesta-2,271.0,126.0,44.0,30.0,11.0,14.0,46.0
359,Madhya Pradesh,Hoshangabad,Prachesta-2,270.0,121.0,45.0,30.0,10.0,11.0,52.0
360,Madhya Pradesh,Datia,Prachesta-2,268.0,118.0,45.0,29.0,12.0,7.0,58.0
361,Madhya Pradesh,Jabalpur,Prachesta-2,,,,,,,
362,Madhya Pradesh,Rajgarh,Prachesta-2,,,,,,,
363,Madhya Pradesh,Balaghat,Prachesta-2,,,,,,,
364,Madhya Pradesh,Tikamgarh,Prachesta-2,258.0,143.0,36.0,25.0,8.0,5.0,40.0
365,Madhya Pradesh,Neemuch,Prachesta-2,258.0,94.0,50.0,32.0,15.0,13.0,54.0
366,Madhya Pradesh,Ashoknagar,Prachesta-2,257.0,101.0,45.0,29.0,15.0,10.0,57.0
367,Madhya Pradesh,Guna,Prachesta-2,256.0,125.0,39.0,31.0,8.0,8.0,46.0
368,Madhya Pradesh,Satna,Prachesta-2,255.0,115.0,45.0,24.0,13.0,8.0,51.0
369,Madhya Pradesh,Dewas,Prachesta-2,255.0,112.0,41.0,31.0,10.0,10.0,50.0
370,Madhya Pradesh,Ujjain,Prachesta-2,254.0,116.0,41.0,30.0,9.0,10.0,47.0
371,Madhya Pradesh,Khandwa,Prachesta-2,253.0,116.0,45.0,28.0,11.0,8.0,45.0
372,Madhya Pradesh,Shajapur,Prachesta-2,253.0,106.0,41.0,30.0,11.0,10.0,53.0
373,Madhya Pradesh,Seoni,Prachesta-2,250.0,100.0,43.0,31.0,12.0,12.0,53.0
374,Madhya Pradesh,Niwari,Prachesta-2,250.0,147.0,33.0,26.0,7.0,3.0,34.0
375,Madhya Pradesh,Morena,Prachesta-2,,,,,,,
376,Madhya Pradesh,Mandsaur,Prachesta-2,249.0,104.0,45.0,30.0,10.0,9.0,49.0
377,Madhya Pradesh,Dhar,Prachesta-2,245.0,107.0,42.0,31.0,12.0,8.0,45.0
378,Madhya Pradesh,Dindori,Prachesta-2,245.0,111.0,39.0,31.0,10.0,7.0,46.0
379,Madhya Pradesh,Sheopur,Prachesta-2,244.0,123.0,38.0,29.0,11.0,5.0,38.0
380,Madhya Pradesh,Harda,Prachesta-2,242.0,96.0,44.0,30.0,14.0,11.0,47.0
381,Madhya Pradesh,Katni,Prachesta-2,242.0,116.0,39.0,27.0,9.0,7.0,42.0
382,Madhya Pradesh,Mandla,Prachesta-2,241.0,108.0,40.0,27.0,9.0,6.0,50.0
383,Madhya Pradesh,Agar Malwa,Prachesta-3,,,,,,,
384,Madhya Pradesh,Ratlam,Prachesta-3,235.0,94.0,43.0,27.0,11.0,9.0,51.0
385,Madhya Pradesh,Burhanpur,Prachesta-3,234.0,98.0,40.0,30.0,9.0,9.0,47.0
386,Madhya Pradesh,Umaria,Prachesta-3,233.0,100.0,40.0,28.0,10.0,7.0,48.0
387,Madhya Pradesh,Shivpuri,Prachesta-3,230.0,110.0,38.0,26.0,9.0,5.0,42.0
388,Madhya Pradesh,Rewa,Prachesta-3,230.0,107.0,38.0,27.0,10.0,7.0,42.0
389,Madhya Pradesh,Khargone,Prachesta-3,229.0,97.0,41.0,29.0,10.0,7.0,44.0
390,Madhya Pradesh,Singrauli,Prachesta-3,228.0,105.0,35.0,26.0,8.0,8.0,46.0
391,Madhya Pradesh,Anuppur,Prachesta-3,227.0,99.0,39.0,27.0,9.0,6.0,48.0
392,Madhya Pradesh,Barwani,Prachesta-3,214.0,93.0,35.0,29.0,8.0,6.0,42.0
393,Madhya Pradesh,Alirajpur,Prachesta-3,199.0,78.0,38.0,29.0,9.0,5.0,40.0
394,Madhya Pradesh,Jhabua,Prachesta-3,,,,,,,
395,Maharashtra,Satara,Prachesta-1,322.0,135.0,52.0,37.0,19.0,30.0,49.0
396,Maharashtra,Solapur,Prachesta-1,,,,,,,
397,Maharashtra,Washim,Prachesta-1,314.0,132.0,50.0,34.0,20.0,28.0,51.0
398,Maharashtra,Kolhapur,Prachesta-1,314.0,145.0,48.0,36.0,18.0,27.0,40.0
399,Maharashtra,Ahilyanagar,Prachesta-1,313.0,138.0,48.0,39.0,15.0,29.0,44.0
400,Maharashtra,Mumbai Ii,Prachesta-1,310.0,142.0,47.0,19.0,14.0,33.0,55.0
401,Maharashtra,Nashik,Prachesta-1,309.0,128.0,51.0,35.0,18.0,28.0,48.0
402,Maharashtra,Pune,Prachesta-1,308.0,135.0,49.0,37.0,17.0,30.0,41.0
403,Maharashtra,Sangli,Prachesta-1,306.0,127.0,53.0,38.0,18.0,33.0,36.0
404,Maharashtra,"Mumbai
(Suburban)",Prachesta-1,,,,,,,
405,Maharashtra,Jalgaon,Prachesta-1,,,,,,,
406,Maharashtra,Wardha,Prachesta-1,301.0,117.0,51.0,39.0,16.0,27.0,52.0
407,Maharashtra,Thane,Prachesta-1,300.0,122.0,51.0,32.0,16.0,31.0,48.0
408,Maharashtra,Sindhudurg,Prachesta-2,298.0,143.0,47.0,34.0,13.0,24.0,38.0
409,Maharashtra,Raigarh (Maharashtra),Prachesta-2,,,,,,,
410,Maharashtra,Amravati,Prachesta-2,296.0,113.0,54.0,36.0,19.0,27.0,47.0
411,Maharashtra,Nagpur,Prachesta-2,,,,,,,
412,Maharashtra,Dharashiv,Prachesta-2,293.0,122.0,52.0,34.0,15.0,28.0,42.0
413,Maharashtra,Gondia,Prachesta-2,287.0,116.0,44.0,39.0,12.0,23.0,53.0
414,Maharashtra,Ratnagiri,Prachesta-2,281.0,128.0,45.0,32.0,12.0,24.0,41.0
415,Maharashtra,Dhule,Prachesta-2,279.0,115.0,48.0,37.0,13.0,24.0,42.0
416,Maharashtra,"Chhatrapati
Sambhajinagar",Prachesta-2,275.0,126.0,41.0,34.0,12.0,24.0,38.0
417,Maharashtra,Latur,Prachesta-2,274.0,124.0,40.0,35.0,14.0,21.0,41.0
418,Maharashtra,Buldhana,Prachesta-2,273.0,118.0,43.0,33.0,14.0,23.0,42.0
419,Maharashtra,Jalna,Prachesta-2,273.0,113.0,46.0,34.0,15.0,24.0,41.0
420,Maharashtra,Yavatmal,Prachesta-2,273.0,104.0,52.0,29.0,16.0,24.0,47.0
421,Maharashtra,Beed,Prachesta-2,271.0,115.0,44.0,35.0,12.0,24.0,42.0
422,Maharashtra,Chandrapur,Prachesta-2,270.0,113.0,43.0,36.0,12.0,25.0,41.0
423,Maharashtra,Palghar,Prachesta-2,270.0,111.0,46.0,35.0,14.0,24.0,39.0
424,Maharashtra,Akola,Prachesta-2,265.0,117.0,43.0,29.0,12.0,24.0,39.0
425,Maharashtra,Nanded,Prachesta-2,,,,,,,
426,Maharashtra,Nandurbar,Prachesta-2,264.0,116.0,44.0,35.0,14.0,21.0,35.0
427,Maharashtra,Bhandara,Prachesta-2,264.0,105.0,47.0,37.0,16.0,22.0,37.0
428,Maharashtra,Hingoli,Prachesta-2,,,,,,,
429,Maharashtra,Parbhani,Prachesta-2,260.0,110.0,40.0,29.0,12.0,22.0,47.0
430,Maharashtra,Gadchiroli,Prachesta-2,259.0,96.0,46.0,39.0,17.0,20.0,42.0
431,Manipur,Imphal West,Prachesta-2,,,,,,,
432,Manipur,Kakching,Prachesta-2,258.0,116.0,40.0,35.0,13.0,11.0,43.0
433,Manipur,Senapati,Prachesta-2,256.0,118.0,36.0,31.0,16.0,8.0,46.0
434,Manipur,Imphal East,Prachesta-2,250.0,121.0,35.0,35.0,8.0,10.0,41.0
435,Manipur,Bishnupur,Prachesta-2,247.0,116.0,45.0,33.0,7.0,9.0,38.0
436,Manipur,Thoubal,Prachesta-2,246.0,129.0,32.0,32.0,6.0,8.0,38.0
437,Manipur,Kangpokpi,Prachesta-3,236.0,120.0,28.0,30.0,8.0,6.0,44.0
438,Manipur,Kamjong,Prachesta-3,229.0,116.0,29.0,36.0,8.0,2.0,39.0
439,Manipur,Chandel,Prachesta-3,227.0,110.0,36.0,28.0,10.0,5.0,38.0
440,Manipur,Churachandpur,Prachesta-3,223.0,113.0,29.0,26.0,8.0,6.0,41.0
441,Manipur,Tamenglong,Prachesta-3,212.0,102.0,30.0,26.0,11.0,4.0,38.0
442,Manipur,Ukhrul,Prachesta-3,207.0,107.0,21.0,29.0,6.0,9.0,36.0
443,Manipur,Tengnoupal,Prachesta-3,206.0,104.0,24.0,26.0,7.0,4.0,40.0
444,Manipur,Jiribam,Prachesta-3,195.0,95.0,29.0,34.0,8.0,4.0,25.0
445,Manipur,Pherzawl,Prachesta-3,194.0,106.0,24.0,19.0,8.0,3.0,34.0
446,Manipur,Noney,Akanshi-1,173.0,89.0,21.0,21.0,7.0,5.0,29.0
447,Meghalaya,East Khasi Hills,Prachesta-3,212.0,110.0,35.0,21.0,4.0,7.0,35.0
448,Meghalaya,East Jaintia Hills,Prachesta-3,,,,,,,
449,Meghalaya,Eastern West Khasi Hills,Prachesta-3,180.0,100.0,29.0,12.0,3.0,3.0,34.0
450,Meghalaya,Ri Bhoi,Akanshi-1,180.0,81.0,32.0,19.0,6.0,3.0,39.0
451,Meghalaya,East Garo Hills,Akanshi-1,,,,,,,
452,Meghalaya,West Khasi Hills,Akanshi-1,169.0,82.0,30.0,15.0,3.0,2.0,37.0
453,Meghalaya,West Jaintia Hills,Akanshi-1,168.0,82.0,28.0,17.0,2.0,2.0,36.0
454,Meghalaya,South Garo Hills,Akanshi-1,168.0,81.0,27.0,19.0,3.0,2.0,36.0
455,Meghalaya,West Garo Hills,Akanshi-1,167.0,82.0,25.0,17.0,2.0,3.0,39.0
456,Meghalaya,South West Khasi Hills,Akanshi-1,,,,,,,
457,Meghalaya,South West Garo Hills,Akanshi-1,,,,,,,
458,Meghalaya,North Garo Hills,Akanshi-1,155.0,66.0,25.0,19.0,1.0,3.0,41.0
459,Mizoram,Aizawl,Prachesta-2,243.0,112.0,45.0,34.0,7.0,9.0,36.0
460,Mizoram,Kolasib,Prachesta-2,242.0,90.0,60.0,42.0,8.0,8.0,34.0
461,Mizoram,Saitual,Prachesta-3,238.0,106.0,51.0,35.0,11.0,8.0,26.0
462,Mizoram,Serchhip,Prachesta-3,235.0,114.0,46.0,30.0,7.0,5.0,33.0
463,Mizoram,Mamit,Prachesta-3,229.0,99.0,52.0,35.0,10.0,5.0,30.0
464,Mizoram,Champhai,Prachesta-3,229.0,96.0,49.0,31.0,12.0,7.0,34.0
465,Mizoram,Siaha,Prachesta-3,220.0,105.0,43.0,37.0,9.0,4.0,22.0
466,Mizoram,Khawzawl,Prachesta-3,216.0,96.0,48.0,35.0,8.0,4.0,25.0
467,Mizoram,Lawngtlai,Prachesta-3,207.0,99.0,40.0,35.0,4.0,2.0,28.0
468,Mizoram,Hnahthial,Prachesta-3,,,,,,,
469,Mizoram,Lunglei,Prachesta-3,193.0,80.0,40.0,37.0,4.0,4.0,27.0
470,Nagaland,Kohima,Prachesta-2,,,,,,,
471,Nagaland,Mokokchung,Prachesta-2,270.0,129.0,48.0,27.0,6.0,15.0,46.0
472,Nagaland,Dimapur,Prachesta-2,258.0,117.0,50.0,23.0,5.0,17.0,45.0
473,Nagaland,Phek,Prachesta-2,,,,,,,
474,Nagaland,Wokha,Prachesta-2,242.0,107.0,45.0,31.0,5.0,11.0,44.0
475,Nagaland,Longleng,Prachesta-3,234.0,98.0,44.0,28.0,7.0,8.0,49.0
476,Nagaland,Zunheboto,Prachesta-3,229.0,117.0,39.0,24.0,5.0,10.0,36.0
477,Nagaland,Peren,Prachesta-3,227.0,96.0,49.0,23.0,6.0,11.0,43.0
478,Nagaland,Tuensang,Prachesta-3,217.0,101.0,42.0,21.0,3.0,10.0,40.0
479,Nagaland,Mon,Prachesta-3,208.0,86.0,39.0,23.0,4.0,11.0,45.0
480,Nagaland,Kiphire,Prachesta-3,197.0,87.0,41.0,20.0,4.0,9.0,38.0
481,Odisha,Jharsuguda,Prachesta-1,338.0,118.0,64.0,41.0,25.0,23.0,67.0
482,Odisha,Jagatsinghpur,Prachesta-1,,,,,,,
483,Odisha,Nuapada,Prachesta-1,,,,,,,
484,Odisha,Khordha,Prachesta-1,329.0,143.0,53.0,37.0,21.0,17.0,57.0
485,Odisha,Angul,Prachesta-1,325.0,136.0,56.0,39.0,22.0,15.0,58.0
486,Odisha,Cuttack,Prachesta-1,323.0,138.0,54.0,36.0,21.0,14.0,60.0
487,Odisha,Sambalpur,Prachesta-1,,,,,,,
488,Odisha,Ganjam,Prachesta-1,309.0,117.0,59.0,38.0,22.0,16.0,57.0
489,Odisha,Sundargarh,Prachesta-1,308.0,116.0,55.0,37.0,24.0,16.0,60.0
490,Odisha,Nayagarh,Prachesta-1,,,,,,,
491,Odisha,Dhenkanal,Prachesta-1,303.0,118.0,54.0,37.0,23.0,14.0,57.0
492,Odisha,Koraput,Prachesta-1,302.0,97.0,61.0,37.0,24.0,14.0,69.0
493,Odisha,Bargarh,Prachesta-2,300.0,114.0,53.0,37.0,21.0,16.0,58.0
494,Odisha,Kendrapara,Prachesta-2,,,,,,,
495,Odisha,Bhadrak,Prachesta-2,297.0,110.0,54.0,37.0,22.0,13.0,61.0
496,Odisha,Puri,Prachesta-2,291.0,116.0,49.0,37.0,16.0,15.0,58.0
497,Odisha,Balangir,Prachesta-2,290.0,98.0,55.0,36.0,20.0,17.0,65.0
498,Odisha,Balasore,Prachesta-2,290.0,111.0,52.0,38.0,20.0,13.0,56.0
499,Odisha,Kalahandi,Prachesta-2,286.0,123.0,51.0,34.0,20.0,10.0,48.0
500,Odisha,Sonepur,Prachesta-2,284.0,109.0,50.0,34.0,17.0,20.0,53.0
501,Odisha,Boudh,Prachesta-2,,,,,,,
502,Odisha,Kendujhar,Prachesta-2,281.0,94.0,54.0,36.0,22.0,15.0,61.0
503,Odisha,Gajapati,Prachesta-2,280.0,95.0,51.0,36.0,20.0,16.0,62.0
504,Odisha,Jajpur,Prachesta-2,279.0,112.0,49.0,36.0,17.0,12.0,53.0
505,Odisha,Deogarh,Prachesta-2,277.0,103.0,55.0,37.0,23.0,12.0,48.0
506,Odisha,Kandhamal,Prachesta-2,275.0,81.0,53.0,41.0,23.0,18.0,60.0
507,Odisha,Nabarangpur,Prachesta-2,271.0,93.0,51.0,35.0,23.0,12.0,57.0
508,Odisha,Malkangiri,Prachesta-2,252.0,80.0,52.0,36.0,22.0,11.0,50.0
509,Odisha,Mayurbhanj,Prachesta-2,250.0,74.0,52.0,37.0,20.0,13.0,54.0
510,Odisha,Rayagada,Prachesta-3,238.0,72.0,49.0,36.0,22.0,11.0,47.0
511,Puducherry,Puducherry,Prachesta-1,,,,,,,
512,Puducherry,Mahe,Prachesta-1,,,,,,,
513,Puducherry,Yanam,Prachesta-1,,,,,,,
514,Puducherry,Karaikal,Prachesta-1,305.0,111.0,64.0,35.0,19.0,32.0,44.0
515,Punjab,Sri Muktsar Sahib,Uttam-3,412.0,182.0,69.0,36.0,19.0,35.0,71.0
516,Punjab,Barnala,Uttam-3,,,,,,,
517,Punjab,Moga,Uttam-3,389.0,172.0,69.0,37.0,19.0,33.0,59.0
518,Punjab,Bathinda,Uttam-3,385.0,179.0,65.0,36.0,15.0,32.0,58.0
519,Punjab,Firozpur,Uttam-3,,,,,,,
520,Punjab,Pathankot,Uttam-3,382.0,159.0,65.0,35.0,18.0,36.0,70.0
521,Punjab,"Shahid Bhagat
Singh Nagar",Uttam-3,380.0,158.0,69.0,37.0,17.0,36.0,64.0
522,Punjab,Patiala,Uttam-3,376.0,182.0,62.0,34.0,14.0,31.0,53.0
523,Punjab,Faridkot,Uttam-3,375.0,171.0,66.0,34.0,19.0,32.0,53.0
524,Punjab,Ludhiana,Uttam-3,374.0,163.0,66.0,34.0,15.0,33.0,64.0
525,Punjab,Taran Taran,Uttam-3,373.0,179.0,65.0,35.0,16.0,30.0,48.0
526,Punjab,Amritsar,Uttam-3,370.0,176.0,63.0,34.0,15.0,31.0,51.0
527,Punjab,Mansa,Uttam-3,370.0,175.0,66.0,34.0,17.0,31.0,47.0
528,Punjab,Jalandhar,Uttam-3,,,,,,,
529,Punjab,Hoshiarpur,Uttam-3,364.0,165.0,66.0,34.0,17.0,31.0,50.0
530,Punjab,Fatehgarh Sahib,Uttam-3,364.0,160.0,65.0,37.0,17.0,31.0,53.0
531,Punjab,Fazilka,Uttam-3,364.0,155.0,67.0,34.0,19.0,30.0,59.0
532,Punjab,Malerkotla,Uttam-3,364.0,164.0,64.0,32.0,16.0,35.0,51.0
533,Punjab,Sangrur,Uttam-3,361.0,164.0,65.0,34.0,16.0,33.0,50.0
534,Punjab,SAS Nagar,Prachesta-1,358.0,163.0,65.0,32.0,16.0,31.0,52.0
535,Punjab,Rupnagar,Prachesta-1,351.0,161.0,63.0,33.0,15.0,30.0,48.0
536,Punjab,Gurdaspur,Prachesta-1,347.0,157.0,63.0,32.0,15.0,30.0,49.0
537,Punjab,Kapurthala,Prachesta-1,344.0,151.0,65.0,32.0,15.0,33.0,48.0
538,Rajasthan,Dhaulpur,Prachesta-1,348.0,196.0,46.0,30.0,16.0,12.0,47.0
539,Rajasthan,Nagaur,Prachesta-1,332.0,173.0,49.0,31.0,15.0,15.0,49.0
540,Rajasthan,Jhunjhunu,Prachesta-1,329.0,164.0,50.0,31.0,15.0,17.0,53.0
541,Rajasthan,Ajmer,Prachesta-1,319.0,156.0,52.0,30.0,14.0,17.0,49.0
542,Rajasthan,Churu,Prachesta-1,318.0,156.0,51.0,31.0,15.0,17.0,48.0
543,Rajasthan,Sikar,Prachesta-1,316.0,157.0,48.0,30.0,15.0,16.0,50.0
544,Rajasthan,Bundi,Prachesta-1,,,,,,,
545,Rajasthan,Jaipur,Prachesta-1,313.0,155.0,48.0,30.0,13.0,17.0,50.0
546,Rajasthan,Dausa,Prachesta-1,313.0,163.0,46.0,30.0,13.0,10.0,50.0
547,Rajasthan,Bhilwara,Prachesta-1,305.0,145.0,51.0,31.0,16.0,14.0,48.0
548,Rajasthan,Chittaurgarh,Prachesta-1,,,,,,,
549,Rajasthan,Alwar,Prachesta-1,,,,,,,
550,Rajasthan,Ganganagar,Prachesta-1,304.0,142.0,50.0,33.0,14.0,16.0,49.0
551,Rajasthan,Rajsamand,Prachesta-1,304.0,144.0,52.0,30.0,15.0,15.0,47.0
552,Rajasthan,Pali,Prachesta-1,303.0,147.0,49.0,30.0,15.0,16.0,47.0
553,Rajasthan,Jhalawar,Prachesta-2,299.0,144.0,50.0,32.0,14.0,12.0,48.0
554,Rajasthan,Tonk,Prachesta-2,299.0,146.0,48.0,29.0,12.0,11.0,52.0
555,Rajasthan,Kota,Prachesta-2,297.0,145.0,47.0,28.0,12.0,16.0,49.0
556,Rajasthan,Bikaner,Prachesta-2,296.0,147.0,47.0,27.0,13.0,15.0,47.0
557,Rajasthan,Hanumangarh,Prachesta-2,294.0,129.0,52.0,31.0,14.0,19.0,50.0
558,Rajasthan,Karauli,Prachesta-2,294.0,150.0,45.0,27.0,12.0,11.0,49.0
559,Rajasthan,Bharatpur,Prachesta-2,294.0,150.0,46.0,29.0,12.0,10.0,46.0
560,Rajasthan,Barmer,Prachesta-2,291.0,145.0,49.0,28.0,15.0,12.0,42.0
561,Rajasthan,Pratapgarh (Raj.),Prachesta-2,290.0,151.0,45.0,29.0,15.0,11.0,40.0
562,Rajasthan,Sirohi,Prachesta-2,289.0,138.0,49.0,30.0,12.0,14.0,45.0
563,Rajasthan,Jodhpur,Prachesta-2,286.0,136.0,48.0,27.0,13.0,16.0,46.0
564,Rajasthan,Baran,Prachesta-2,275.0,141.0,41.0,29.0,13.0,9.0,43.0
565,Rajasthan,Jalor,Prachesta-2,271.0,123.0,47.0,29.0,15.0,14.0,43.0
566,Rajasthan,Sawai Madhopur,Prachesta-2,269.0,126.0,44.0,29.0,11.0,11.0,48.0
567,Rajasthan,Udaipur,Prachesta-2,262.0,121.0,44.0,29.0,12.0,13.0,42.0
568,Rajasthan,Dungarpur,Prachesta-2,,,,,,,
569,Rajasthan,Banswara,Prachesta-2,259.0,130.0,40.0,27.0,11.0,10.0,41.0
570,Rajasthan,Jaisalmer,Prachesta-2,255.0,113.0,47.0,27.0,14.0,13.0,41.0
571,Sikkim,Pakyong,Prachesta-2,289.0,112.0,62.0,36.0,17.0,22.0,41.0
572,Sikkim,Soreng,Prachesta-2,289.0,109.0,55.0,37.0,15.0,21.0,51.0
573,Sikkim,Gangtok,Prachesta-2,284.0,119.0,57.0,35.0,11.0,22.0,40.0
574,Sikkim,Namchi,Prachesta-2,277.0,116.0,52.0,33.0,10.0,17.0,48.0
575,Sikkim,Mangan,Prachesta-2,261.0,111.0,58.0,37.0,9.0,18.0,29.0
576,Sikkim,Gyalshing,Prachesta-2,260.0,97.0,53.0,31.0,11.0,23.0,44.0
577,Tamil Nadu,Perambalur,Uttam-3,380.0,141.0,67.0,45.0,27.0,26.0,73.0
578,Tamil Nadu,Chennai,Uttam-3,363.0,117.0,73.0,45.0,27.0,28.0,72.0
579,Tamil Nadu,Kanniyakumari,Uttam-3,,,,,,,
580,Tamil Nadu,Erode,Prachesta-1,357.0,122.0,65.0,45.0,27.0,25.0,74.0
581,Tamil Nadu,Coimbatore,Prachesta-1,,,,,,,
582,Tamil Nadu,Thanjavur,Prachesta-1,,,,,,,
583,Tamil Nadu,Ariyalur,Prachesta-1,348.0,115.0,65.0,44.0,27.0,25.0,72.0
584,Tamil Nadu,Dindigul,Prachesta-1,347.0,115.0,63.0,45.0,27.0,23.0,74.0
585,Tamil Nadu,Kancheepuram,Prachesta-1,346.0,108.0,67.0,45.0,27.0,26.0,72.0
586,Tamil Nadu,Madurai,Prachesta-1,346.0,112.0,66.0,43.0,27.0,23.0,75.0
587,Tamil Nadu,Tiruvarur,Prachesta-1,,,,,,,
588,Tamil Nadu,Cuddalore,Prachesta-1,345.0,111.0,65.0,44.0,27.0,25.0,72.0
589,Tamil Nadu,Salem,Prachesta-1,345.0,108.0,66.0,43.0,27.0,26.0,75.0
590,Tamil Nadu,The Nilgiris,Prachesta-1,344.0,110.0,65.0,45.0,27.0,25.0,71.0
591,Tamil Nadu,Tiruchirappalli,Prachesta-1,344.0,110.0,65.0,45.0,27.0,25.0,72.0
592,Tamil Nadu,Tirunelveli,Prachesta-1,343.0,113.0,63.0,45.0,27.0,22.0,73.0
593,Tamil Nadu,Krishnagiri,Prachesta-1,341.0,110.0,63.0,43.0,27.0,26.0,73.0
594,Tamil Nadu,Dharmapuri,Prachesta-1,341.0,109.0,65.0,43.0,27.0,24.0,73.0
595,Tamil Nadu,Virudhunagar,Prachesta-1,341.0,109.0,63.0,45.0,27.0,23.0,74.0
596,Tamil Nadu,Tiruvallur,Prachesta-1,339.0,105.0,66.0,43.0,27.0,24.0,73.0
597,Tamil Nadu,Vellore,Prachesta-1,339.0,109.0,64.0,44.0,27.0,22.0,73.0
598,Tamil Nadu,Ranipet,Prachesta-1,339.0,106.0,66.0,44.0,27.0,24.0,72.0
599,Tamil Nadu,Thoothukkudi,Prachesta-1,339.0,107.0,65.0,45.0,27.0,22.0,74.0
600,Tamil Nadu,Nagapattinam,Prachesta-1,339.0,102.0,67.0,43.0,27.0,26.0,74.0
601,Tamil Nadu,Mayiladuthurai,Prachesta-1,339.0,104.0,66.0,43.0,27.0,23.0,75.0
602,Tamil Nadu,Kallakurichi,Prachesta-1,339.0,102.0,66.0,43.0,27.0,29.0,73.0
603,Tamil Nadu,Sivaganga,Prachesta-1,339.0,110.0,63.0,43.0,27.0,23.0,72.0
604,Tamil Nadu,Chengalpattu,Prachesta-1,,,,,,,
605,Tamil Nadu,Namakkal,Prachesta-1,,,,,,,
606,Tamil Nadu,Tiruppur,Prachesta-1,336.0,104.0,64.0,45.0,27.0,24.0,73.0
607,Tamil Nadu,Tiruvannamalai,Prachesta-1,335.0,103.0,62.0,43.0,27.0,26.0,74.0
608,Tamil Nadu,Villupuram,Prachesta-1,334.0,96.0,64.0,44.0,27.0,30.0,73.0
609,Tamil Nadu,Karur,Prachesta-1,333.0,101.0,63.0,44.0,27.0,24.0,74.0
610,Tamil Nadu,Tirupathur,Prachesta-1,332.0,103.0,64.0,45.0,27.0,23.0,71.0
611,Tamil Nadu,Tenkasi,Prachesta-1,332.0,100.0,64.0,45.0,27.0,23.0,74.0
612,Tamil Nadu,Ramanathapuram,Prachesta-1,325.0,96.0,63.0,45.0,27.0,22.0,72.0
613,Tamil Nadu,Pudukkottai,Prachesta-1,323.0,92.0,63.0,42.0,27.0,25.0,74.0
614,Tamil Nadu,Theni,Prachesta-1,323.0,87.0,65.0,45.0,27.0,25.0,74.0
615,Telangana,Medchal,Prachesta-2,260.0,108.0,41.0,28.0,14.0,21.0,48.0
616,Telangana,Hanumakonda,Prachesta-2,250.0,109.0,37.0,29.0,9.0,14.0,53.0
617,Telangana,Hyderabad,Prachesta-2,246.0,104.0,40.0,26.0,9.0,23.0,44.0
618,Telangana,Rangareddy,Prachesta-2,245.0,109.0,38.0,27.0,8.0,17.0,46.0
619,Telangana,Vikarabad,Prachesta-3,237.0,109.0,37.0,23.0,7.0,9.0,52.0
620,Telangana,Jangaon,Prachesta-3,,,,,,,
621,Telangana,Siddipet,Prachesta-3,232.0,95.0,43.0,28.0,9.0,11.0,46.0
622,Telangana,Sangareddy,Prachesta-3,232.0,106.0,37.0,26.0,7.0,12.0,43.0
623,Telangana,Warangal,Prachesta-3,226.0,89.0,35.0,27.0,7.0,11.0,57.0
624,Telangana,Suryapet,Prachesta-3,,,,,,,
625,Telangana,Nizamabad,Prachesta-3,225.0,90.0,40.0,28.0,7.0,12.0,48.0
626,Telangana,Jagtial,Prachesta-3,225.0,86.0,37.0,30.0,6.0,11.0,55.0
627,Telangana,Khammam,Prachesta-3,225.0,98.0,36.0,29.0,8.0,11.0,43.0
628,Telangana,Peddapalli,Prachesta-3,225.0,86.0,39.0,29.0,5.0,11.0,54.0
629,Telangana,Kamareddy,Prachesta-3,,,,,,,
630,Telangana,Jayashankar,Prachesta-3,220.0,93.0,33.0,23.0,5.0,6.0,60.0
631,Telangana,Yadadri Bhuvanagiri,Prachesta-3,220.0,87.0,38.0,30.0,8.0,10.0,46.0
632,Telangana,Karimnagar,Prachesta-3,217.0,88.0,38.0,25.0,6.0,12.0,47.0
633,Telangana,Bhadradri Kothagudem,Prachesta-3,216.0,87.0,33.0,30.0,8.0,8.0,51.0
634,Telangana,Rajanna Siricilla,Prachesta-3,215.0,87.0,38.0,28.0,7.0,11.0,44.0
635,Telangana,Mulugu,Prachesta-3,,,,,,,
636,Telangana,Jogulamba Gadwal,Prachesta-3,,,,,,,
637,Telangana,Mancherial,Prachesta-3,212.0,91.0,36.0,28.0,6.0,9.0,42.0
638,Telangana,Mahabubnagar,Prachesta-3,211.0,87.0,38.0,24.0,8.0,9.0,44.0
639,Telangana,Nagarkurnool,Prachesta-3,,,,,,,
640,Telangana,Mahabubabad,Prachesta-3,210.0,79.0,33.0,29.0,8.0,6.0,55.0
641,Telangana,Nalgonda,Prachesta-3,210.0,86.0,36.0,26.0,7.0,9.0,46.0
642,Telangana,Nirmal,Prachesta-3,208.0,82.0,33.0,30.0,6.0,9.0,47.0
643,Telangana,Wanaparthy,Prachesta-3,207.0,82.0,36.0,26.0,5.0,9.0,50.0
644,Telangana,Medak,Prachesta-3,197.0,82.0,34.0,24.0,6.0,9.0,43.0
645,Telangana,Adilabad,Prachesta-3,197.0,74.0,30.0,30.0,5.0,6.0,53.0
646,Telangana,"Kumuram Bheem
Asifabad",Prachesta-3,196.0,80.0,29.0,26.0,4.0,6.0,52.0
647,Telangana,Narayanapet,Prachesta-3,196.0,82.0,36.0,25.0,8.0,9.0,35.0
648,Tripura,West Tripura,Prachesta-2,276.0,118.0,57.0,30.0,13.0,10.0,48.0
649,Tripura,Khowai,Prachesta-2,266.0,112.0,55.0,30.0,14.0,6.0,49.0
650,Tripura,Sepahijala,Prachesta-2,261.0,111.0,50.0,31.0,12.0,7.0,51.0
651,Tripura,South Tripura,Prachesta-2,258.0,119.0,51.0,34.0,13.0,7.0,35.0
652,Tripura,North Tripura,Prachesta-2,257.0,104.0,51.0,40.0,14.0,8.0,40.0
653,Tripura,Gomati,Prachesta-2,240.0,108.0,41.0,36.0,12.0,6.0,36.0
654,Tripura,Unakoti,Prachesta-3,233.0,101.0,51.0,26.0,11.0,7.0,36.0
655,Tripura,Dhalai,Prachesta-3,217.0,73.0,47.0,27.0,12.0,9.0,49.0
656,Uttar Pradesh,Jhansi,Prachesta-2,287.0,112.0,58.0,20.0,22.0,12.0,63.0
657,Uttar Pradesh,Gautam Buddha Nagar,Prachesta-2,272.0,133.0,43.0,21.0,13.0,19.0,43.0
658,Uttar Pradesh,Ghaziabad,Prachesta-2,259.0,118.0,44.0,21.0,12.0,19.0,44.0
659,Uttar Pradesh,Varanasi,Prachesta-2,,,,,,,
660,Uttar Pradesh,Shrawasti,Prachesta-2,249.0,87.0,51.0,24.0,24.0,8.0,56.0
661,Uttar Pradesh,Gorakhpur,Prachesta-3,239.0,104.0,47.0,23.0,19.0,8.0,39.0
662,Uttar Pradesh,Lucknow,Prachesta-3,,,,,,,
663,Uttar Pradesh,Baghpat,Prachesta-3,235.0,107.0,44.0,23.0,13.0,11.0,37.0
664,Uttar Pradesh,Hapur (Panchsheel Nagar),Prachesta-3,231.0,106.0,43.0,23.0,9.0,9.0,40.0
665,Uttar Pradesh,Bhadoi,Prachesta-3,230.0,101.0,47.0,22.0,16.0,8.0,36.0
666,Uttar Pradesh,Agra,Prachesta-3,230.0,98.0,48.0,21.0,11.0,13.0,39.0
667,Uttar Pradesh,Chitrakoot,Prachesta-3,,,,,,,
668,Uttar Pradesh,Kanpur Dehat,Prachesta-3,,,,,,,
669,Uttar Pradesh,Kanpur Nagar,Prachesta-3,229.0,103.0,46.0,22.0,9.0,11.0,40.0
670,Uttar Pradesh,Fatehpur,Prachesta-3,229.0,111.0,46.0,21.0,11.0,6.0,35.0
671,Uttar Pradesh,Ghazipur,Prachesta-3,229.0,105.0,43.0,22.0,13.0,7.0,37.0
672,Uttar Pradesh,Mirzapur,Prachesta-3,229.0,101.0,48.0,21.0,20.0,7.0,32.0
673,Uttar Pradesh,Faizabad,Prachesta-3,228.0,111.0,42.0,21.0,9.0,7.0,39.0
674,Uttar Pradesh,Firozabad,Prachesta-3,228.0,95.0,42.0,27.0,14.0,12.0,37.0
675,Uttar Pradesh,Chandauli,Prachesta-3,228.0,106.0,45.0,21.0,12.0,9.0,36.0
676,Uttar Pradesh,Shamli (Prabudh Nagar),Prachesta-3,227.0,104.0,46.0,21.0,11.0,11.0,36.0
677,Uttar Pradesh,Mathura,Prachesta-3,227.0,113.0,40.0,18.0,8.0,8.0,39.0
678,Uttar Pradesh,Meerut,Prachesta-3,227.0,105.0,41.0,19.0,10.0,13.0,39.0
679,Uttar Pradesh,Hamirpur (U.P.),Prachesta-3,224.0,101.0,48.0,22.0,13.0,4.0,36.0
680,Uttar Pradesh,Sultanpur,Prachesta-3,220.0,99.0,45.0,20.0,13.0,6.0,36.0
681,Uttar Pradesh,Azamgarh,Prachesta-3,219.0,102.0,40.0,17.0,10.0,8.0,42.0
682,Uttar Pradesh,Deoria,Prachesta-3,219.0,106.0,39.0,20.0,10.0,5.0,38.0
683,Uttar Pradesh,Muzaffarnagar,Prachesta-3,219.0,98.0,46.0,19.0,13.0,7.0,36.0
684,Uttar Pradesh,Etawah,Prachesta-3,219.0,104.0,42.0,19.0,11.0,7.0,35.0
685,Uttar Pradesh,Farrukhabad,Prachesta-3,218.0,101.0,44.0,19.0,10.0,10.0,34.0
686,Uttar Pradesh,Mahoba,Prachesta-3,218.0,95.0,46.0,21.0,14.0,6.0,35.0
687,Uttar Pradesh,Jaunpur,Prachesta-3,217.0,105.0,39.0,19.0,10.0,8.0,37.0
688,Uttar Pradesh,Sant Kabir Nagar,Prachesta-3,216.0,109.0,41.0,20.0,8.0,5.0,33.0
689,Uttar Pradesh,Ballia,Prachesta-3,216.0,113.0,36.0,17.0,9.0,5.0,37.0
690,Uttar Pradesh,Mau,Prachesta-3,,,,,,,
691,Uttar Pradesh,Bulandshahr,Prachesta-3,216.0,94.0,44.0,20.0,10.0,12.0,36.0
692,Uttar Pradesh,Moradabad,Prachesta-3,,,,,,,
693,Uttar Pradesh,Saharanpur,Prachesta-3,215.0,102.0,42.0,18.0,9.0,8.0,36.0
694,Uttar Pradesh,Ambedkar Nagar,Prachesta-3,215.0,101.0,39.0,21.0,12.0,6.0,37.0
695,Uttar Pradesh,Barabanki,Prachesta-3,215.0,95.0,45.0,21.0,12.0,11.0,32.0
696,Uttar Pradesh,Basti,Prachesta-3,215.0,104.0,38.0,19.0,11.0,4.0,39.0
697,Uttar Pradesh,Prayagraj,Prachesta-3,213.0,98.0,41.0,21.0,11.0,7.0,33.0
698,Uttar Pradesh,Siddharthnagar,Prachesta-3,213.0,110.0,39.0,18.0,9.0,5.0,32.0
699,Uttar Pradesh,Lalitpur,Prachesta-3,212.0,104.0,39.0,21.0,12.0,7.0,30.0
700,Uttar Pradesh,Mainpuri,Prachesta-3,211.0,94.0,42.0,23.0,10.0,5.0,38.0
701,Uttar Pradesh,Aligarh,Prachesta-3,211.0,109.0,32.0,20.0,7.0,6.0,37.0
702,Uttar Pradesh,Sonbhadra,Prachesta-3,211.0,97.0,42.0,20.0,11.0,6.0,34.0
703,Uttar Pradesh,Auraiya,Prachesta-3,210.0,104.0,36.0,19.0,9.0,6.0,37.0
704,Uttar Pradesh,Rae Bareli,Prachesta-3,210.0,102.0,41.0,19.0,11.0,5.0,33.0
705,Uttar Pradesh,Jalaun,Prachesta-3,210.0,104.0,39.0,18.0,8.0,5.0,37.0
706,Uttar Pradesh,Hardoi,Prachesta-3,,,,,,,
707,Uttar Pradesh,Jyotiba Phule Nagar (Amroha),Prachesta-3,210.0,100.0,41.0,17.0,8.0,6.0,37.0
708,Uttar Pradesh,Amethi Â– CSM Nagar,Prachesta-3,209.0,90.0,44.0,21.0,10.0,8.0,37.0
709,Uttar Pradesh,Unnao,Prachesta-3,209.0,99.0,42.0,19.0,8.0,4.0,36.0
710,Uttar Pradesh,Hathras,Prachesta-3,208.0,93.0,43.0,20.0,10.0,6.0,35.0
711,Uttar Pradesh,Kaushambi,Prachesta-3,208.0,91.0,43.0,21.0,10.0,6.0,37.0
712,Uttar Pradesh,Banda,Prachesta-3,207.0,89.0,45.0,19.0,14.0,6.0,33.0
713,Uttar Pradesh,Bijnor,Prachesta-3,207.0,91.0,44.0,18.0,11.0,6.0,36.0
714,Uttar Pradesh,Etah,Prachesta-3,206.0,96.0,39.0,17.0,9.0,6.0,38.0
715,Uttar Pradesh,Kannauj,Prachesta-3,205.0,89.0,42.0,21.0,11.0,6.0,36.0
716,Uttar Pradesh,Pratapgarh,Prachesta-3,,,,,,,
717,Uttar Pradesh,Sambhal (Bhim Nagar),Prachesta-3,201.0,89.0,40.0,20.0,11.0,6.0,35.0
718,Uttar Pradesh,Gonda,Prachesta-3,199.0,86.0,45.0,19.0,12.0,5.0,33.0
719,Uttar Pradesh,Bahraich,Prachesta-3,199.0,88.0,47.0,20.0,11.0,4.0,29.0
720,Uttar Pradesh,Kheri,Prachesta-3,,,,,,,
721,Uttar Pradesh,Bareilly,Prachesta-3,195.0,80.0,43.0,18.0,10.0,10.0,35.0
722,Uttar Pradesh,Kushinagar,Prachesta-3,195.0,83.0,44.0,18.0,9.0,4.0,37.0
723,Uttar Pradesh,Rampur,Prachesta-3,195.0,87.0,40.0,19.0,9.0,6.0,34.0
724,Uttar Pradesh,Pilibhit,Prachesta-3,195.0,84.0,44.0,21.0,11.0,5.0,29.0
725,Uttar Pradesh,Sitapur,Prachesta-3,192.0,79.0,46.0,21.0,10.0,5.0,30.0
726,Uttar Pradesh,Maharajganj,Prachesta-3,192.0,86.0,40.0,18.0,8.0,6.0,33.0
727,Uttar Pradesh,Budaun,Prachesta-3,191.0,79.0,43.0,23.0,12.0,4.0,30.0
728,Uttar Pradesh,Kasganj,Prachesta-3,,,,,,,
729,Uttar Pradesh,Shahjahanpur,Prachesta-3,185.0,80.0,41.0,23.0,8.0,4.0,29.0
730,Uttar Pradesh,Balrampur,Akanshi-1,172.0,67.0,37.0,22.0,8.0,6.0,33.0
731,Uttarakhand,Nainital,Prachesta-1,313.0,136.0,51.0,32.0,18.0,22.0,55.0
732,Uttarakhand,Pithoragarh,Prachesta-1,309.0,119.0,50.0,32.0,25.0,17.0,66.0
733,Uttarakhand,Almora,Prachesta-1,309.0,119.0,49.0,35.0,22.0,19.0,65.0
734,Uttarakhand,Dehradun,Prachesta-1,,,,,,,
735,Uttarakhand,Chamoli,Prachesta-2,289.0,103.0,56.0,31.0,23.0,19.0,57.0
736,Uttarakhand,Pauri Garhwal,Prachesta-2,278.0,130.0,47.0,30.0,15.0,14.0,43.0
737,Uttarakhand,Uttarkashi,Prachesta-2,275.0,110.0,46.0,30.0,19.0,17.0,53.0
738,Uttarakhand,Champawat,Prachesta-2,266.0,111.0,51.0,30.0,19.0,14.0,39.0
739,Uttarakhand,Bageshwar,Prachesta-2,265.0,113.0,50.0,33.0,19.0,12.0,38.0
740,Uttarakhand,Tehri Garhwal,Prachesta-2,264.0,109.0,48.0,29.0,15.0,15.0,49.0
741,Uttarakhand,Haridwar,Prachesta-2,247.0,105.0,43.0,29.0,11.0,16.0,42.0
742,Uttarakhand,Rudraprayag,Prachesta-2,241.0,108.0,44.0,26.0,13.0,10.0,40.0
743,Uttarakhand,Udham Singh Nagar,Prachesta-3,235.0,88.0,43.0,29.0,14.0,15.0,46.0
744,West Bengal,North 24 Pargana,Prachesta-2,287.0,163.0,48.0,34.0,4.0,7.0,30.0
745,West Bengal,Kolkata,Prachesta-2,282.0,155.0,45.0,32.0,5.0,12.0,33.0
746,West Bengal,Murshidabad,Prachesta-2,280.0,154.0,50.0,35.0,4.0,4.0,34.0
747,West Bengal,"Paschim
Medinipur",Prachesta-2,273.0,151.0,48.0,35.0,4.0,4.0,31.0
748,West Bengal,Bankura,Prachesta-2,,,,,,,
749,West Bengal,Howrah,Prachesta-2,268.0,144.0,47.0,33.0,4.0,7.0,33.0
750,West Bengal,Hooghly,Prachesta-2,268.0,141.0,47.0,35.0,5.0,7.0,33.0
751,West Bengal,Cooch Behar,Prachesta-2,268.0,135.0,55.0,37.0,4.0,3.0,33.0
752,West Bengal,Jhargram,Prachesta-2,267.0,150.0,46.0,36.0,4.0,3.0,29.0
753,West Bengal,Purba Medinipur,Prachesta-2,265.0,147.0,43.0,34.0,4.0,4.0,34.0
754,West Bengal,Purba Bardhaman,Prachesta-2,,,,,,,
755,West Bengal,Nadia,Prachesta-2,257.0,141.0,45.0,35.0,3.0,5.0,29.0
756,West Bengal,South 24 Pargana,Prachesta-2,255.0,138.0,48.0,34.0,3.0,5.0,26.0
757,West Bengal,"Paschim
Bardhaman",Prachesta-2,252.0,131.0,49.0,33.0,4.0,8.0,28.0
758,West Bengal,Purulia,Prachesta-2,240.0,129.0,43.0,34.0,2.0,4.0,28.0
759,West Bengal,Birbhum,Prachesta-3,234.0,120.0,45.0,34.0,4.0,5.0,26.0
760,West Bengal,Siliguri,Prachesta-3,,,,,,,
761,West Bengal,Malda,Prachesta-3,234.0,124.0,39.0,34.0,2.0,5.0,29.0
762,West Bengal,Alipurduar,Prachesta-3,226.0,111.0,42.0,35.0,2.0,6.0,29.0
763,West Bengal,Dakshin Dinajpur,Prachesta-3,,,,,,,
764,West Bengal,Jalpaiguri,Prachesta-3,,,,,,,
765,West Bengal,Darjeeling,Prachesta-3,209.0,113.0,26.0,30.0,2.0,6.0,32.0
766,West Bengal,Kalimpong,Prachesta-3,208.0,102.0,27.0,33.0,3.0,5.0,38.0
767,West Bengal,Uttar Dinajpur,Prachesta-3,204.0,94.0,44.0,32.0,2.0,5.0,27.0
